-- MySQL dump 10.16  Distrib 10.1.14-MariaDB, for debian-linux-gnu (x86_64)
--
-- Host: localhost    Database: STODaP
-- ------------------------------------------------------
-- Server version	10.1.14-MariaDB-1~trusty

/*!40101 SET @OLD_CHARACTER_SET_CLIENT=@@CHARACTER_SET_CLIENT */;
/*!40101 SET @OLD_CHARACTER_SET_RESULTS=@@CHARACTER_SET_RESULTS */;
/*!40101 SET @OLD_COLLATION_CONNECTION=@@COLLATION_CONNECTION */;
/*!40101 SET NAMES utf8 */;
/*!40103 SET @OLD_TIME_ZONE=@@TIME_ZONE */;
/*!40103 SET TIME_ZONE='+00:00' */;
/*!40014 SET @OLD_UNIQUE_CHECKS=@@UNIQUE_CHECKS, UNIQUE_CHECKS=0 */;
/*!40014 SET @OLD_FOREIGN_KEY_CHECKS=@@FOREIGN_KEY_CHECKS, FOREIGN_KEY_CHECKS=0 */;
/*!40101 SET @OLD_SQL_MODE=@@SQL_MODE, SQL_MODE='NO_AUTO_VALUE_ON_ZERO' */;
/*!40111 SET @OLD_SQL_NOTES=@@SQL_NOTES, SQL_NOTES=0 */;

--
-- Table structure for table `evaluation_datasetanswer`
--

DROP TABLE IF EXISTS `evaluation_datasetanswer`;
/*!40101 SET @saved_cs_client     = @@character_set_client */;
/*!40101 SET character_set_client = utf8 */;
CREATE TABLE `evaluation_datasetanswer` (
  `id` int(11) NOT NULL AUTO_INCREMENT,
  `urls` varchar(1000) DEFAULT NULL,
  `start_time` datetime NOT NULL,
  `end_time` datetime NOT NULL,
  `search_method_id` int(11) NOT NULL,
  `subject_id` int(11) NOT NULL,
  `task_id` int(11) NOT NULL,
  PRIMARY KEY (`id`),
  KEY `evaluation_datasetanswer_539d0c8c` (`search_method_id`),
  KEY `evaluation_datasetanswer_ffaba1d1` (`subject_id`),
  KEY `evaluation_datasetanswer_57746cc8` (`task_id`),
  CONSTRAINT `evaluation__subject_id_6d2d3f7200cd10f4_fk_evaluation_subject_id` FOREIGN KEY (`subject_id`) REFERENCES `evaluation_subject` (`id`),
  CONSTRAINT `evaluation_datase_task_id_53e1e4ded3ee85c0_fk_evaluation_task_id` FOREIGN KEY (`task_id`) REFERENCES `evaluation_task` (`id`),
  CONSTRAINT `search_method_id_1bdb97189bfad096_fk_evaluation_searchmethod_id` FOREIGN KEY (`search_method_id`) REFERENCES `evaluation_searchmethod` (`id`)
) ENGINE=InnoDB AUTO_INCREMENT=188 DEFAULT CHARSET=utf8;
/*!40101 SET character_set_client = @saved_cs_client */;

--
-- Dumping data for table `evaluation_datasetanswer`
--

LOCK TABLES `evaluation_datasetanswer` WRITE;
/*!40000 ALTER TABLE `evaluation_datasetanswer` DISABLE KEYS */;
INSERT INTO `evaluation_datasetanswer` VALUES (98,NULL,'2016-05-19 14:17:38','2016-05-19 14:20:48',3,57,2),(99,NULL,'2016-05-19 14:20:29','2016-05-19 14:22:56',2,58,3),(100,NULL,'2016-05-19 14:20:48','2016-05-19 14:23:10',2,57,1),(101,NULL,'2016-05-19 14:23:10','2016-05-19 14:24:50',1,57,3),(102,NULL,'2016-05-19 14:27:04','2016-05-19 14:27:11',3,61,3),(103,NULL,'2016-05-19 14:27:11','2016-05-19 14:27:16',1,61,1),(104,NULL,'2016-05-19 14:27:16','2016-05-19 14:27:26',2,61,2),(105,NULL,'2016-05-19 14:22:56','2016-05-19 14:27:34',1,58,2),(106,NULL,'2016-05-19 14:27:04','2016-05-19 14:30:09',1,62,1),(107,NULL,'2016-05-19 14:17:33','2016-05-19 14:30:16',1,56,2),(108,NULL,'2016-05-19 14:28:02','2016-05-19 14:30:45',3,65,3),(109,NULL,'2016-05-19 14:28:04','2016-05-19 14:31:30',2,66,2),(110,NULL,'2016-05-19 14:30:16','2016-05-19 14:32:44',2,62,2),(111,NULL,'2016-05-19 14:28:26','2016-05-19 14:33:22',2,69,3),(112,NULL,'2016-05-19 14:27:07','2016-05-19 14:33:27',3,63,1),(113,NULL,'2016-05-19 14:30:16','2016-05-19 14:33:43',2,56,3),(114,NULL,'2016-05-19 14:27:35','2016-05-19 14:33:45',3,58,1),(115,NULL,'2016-05-19 14:29:51','2016-05-19 14:33:50',1,73,2),(116,NULL,'2016-05-19 14:29:57','2016-05-19 14:34:12',3,75,3),(117,NULL,'2016-05-19 14:29:57','2016-05-19 14:34:12',3,75,3),(118,NULL,'2016-05-19 14:30:34','2016-05-19 14:35:25',3,79,2),(119,NULL,'2016-05-19 14:30:53','2016-05-19 14:35:35',2,65,2),(120,NULL,'2016-05-19 14:31:43','2016-05-19 14:35:50',1,81,2),(121,NULL,'2016-05-19 14:30:08','2016-05-19 14:36:12',2,76,3),(122,NULL,'2016-05-19 14:17:05','2016-05-19 14:36:33',2,55,1),(123,NULL,'2016-05-19 14:26:56','2016-05-19 14:36:57',1,60,3),(124,NULL,'2016-05-19 14:34:12','2016-05-19 14:37:37',1,75,1),(125,NULL,'2016-05-19 14:32:46','2016-05-19 14:37:54',3,62,3),(126,NULL,'2016-05-19 14:28:09','2016-05-19 14:37:58',1,67,2),(127,NULL,'2016-05-19 14:29:48','2016-05-19 14:38:30',3,72,2),(128,NULL,'2016-05-19 14:30:16','2016-05-19 14:38:34',1,78,1),(129,NULL,'2016-05-19 14:36:33','2016-05-19 14:38:34',1,55,3),(130,NULL,'2016-05-19 14:33:43','2016-05-19 14:38:49',3,56,1),(131,NULL,'2016-05-19 14:31:34','2016-05-19 14:39:22',3,66,3),(132,NULL,'2016-05-19 14:36:21','2016-05-19 14:39:42',3,88,2),(133,NULL,'2016-05-19 14:28:51','2016-05-19 14:40:05',1,71,2),(134,NULL,'2016-05-19 14:33:22','2016-05-19 14:40:12',1,69,2),(135,NULL,'2016-05-19 14:36:30','2016-05-19 14:40:32',3,89,1),(136,NULL,'2016-05-19 14:12:45','2016-05-19 14:40:43',1,54,1),(137,NULL,'2016-05-19 14:36:05','2016-05-19 14:40:47',1,87,1),(138,NULL,'2016-05-19 14:34:19','2016-05-19 14:42:14',1,85,1),(139,NULL,'2016-05-19 14:37:24','2016-05-19 14:42:56',2,90,2),(140,NULL,'2016-05-19 14:38:34','2016-05-19 14:43:01',3,55,2),(141,NULL,'2016-05-19 14:37:58','2016-05-19 14:43:30',2,67,3),(142,NULL,'2016-05-19 14:31:33','2016-05-19 14:44:10',2,80,2),(143,NULL,'2016-05-19 14:40:05','2016-05-19 14:44:21',2,71,3),(144,NULL,'2016-05-19 14:40:33','2016-05-19 14:44:55',2,89,3),(145,NULL,'2016-05-19 14:37:58','2016-05-19 14:44:56',2,67,3),(146,NULL,'2016-05-19 14:29:55','2016-05-19 14:45:10',2,74,2),(147,NULL,'2016-05-19 14:27:07','2016-05-19 14:45:30',3,63,1),(148,NULL,'2016-05-19 14:37:37','2016-05-19 14:46:10',2,75,2),(149,NULL,'2016-05-19 14:40:47','2016-05-19 14:46:18',3,87,3),(150,NULL,'2016-05-19 14:40:39','2016-05-19 14:46:28',2,96,2),(151,NULL,'2016-05-19 14:28:42','2016-05-19 14:47:08',2,70,2),(152,NULL,'2016-05-19 14:46:18','2016-05-19 14:47:33',2,87,2),(153,NULL,'2016-05-19 14:27:11','2016-05-19 14:47:58',2,64,1),(154,NULL,'2016-05-19 14:44:55','2016-05-19 14:48:08',1,89,2),(155,NULL,'2016-05-19 14:44:33','2016-05-19 14:48:19',1,99,2),(156,NULL,'2016-05-19 14:44:21','2016-05-19 14:49:11',3,71,1),(157,NULL,'2016-05-19 14:39:39','2016-05-19 14:49:46',1,93,3),(158,NULL,'2016-05-19 14:48:19','2016-05-19 14:49:59',2,99,3),(159,NULL,'2016-05-19 14:39:53','2016-05-19 14:51:45',2,94,2),(160,NULL,'2016-05-19 14:49:59','2016-05-19 14:52:34',3,99,1),(161,NULL,'2016-05-19 14:39:25','2016-05-19 14:53:01',3,92,1),(162,NULL,'2016-05-19 14:49:46','2016-05-19 14:55:18',2,93,1),(163,NULL,'2016-05-19 14:38:26','2016-05-19 14:56:27',2,91,1),(164,NULL,'2016-05-19 14:42:30','2016-05-19 14:58:04',1,97,2),(165,NULL,'2016-05-19 14:44:09','2016-05-19 14:58:11',1,98,1),(166,NULL,'2016-05-19 14:42:57','2016-05-19 14:59:23',1,90,1),(167,NULL,'2016-05-19 14:55:18','2016-05-19 15:00:39',3,93,2),(168,NULL,'2016-05-19 14:59:23','2016-05-19 15:04:17',3,90,3),(169,NULL,'2016-05-19 14:58:11','2016-05-19 15:10:16',2,98,2),(170,NULL,'2016-05-19 14:58:04','2016-05-19 15:11:46',3,97,1),(171,NULL,'2016-05-19 15:10:16','2016-05-19 15:13:55',3,98,3),(172,NULL,'2016-05-19 15:11:46','2016-05-19 15:15:56',2,97,3),(173,NULL,'2016-05-19 14:51:45','2016-05-19 15:22:24',3,94,3),(174,NULL,'2016-05-19 14:40:43','2016-05-19 21:33:59',3,54,3),(175,NULL,'2016-05-19 21:33:59','2016-05-19 21:42:43',2,54,2),(176,NULL,'2016-05-19 22:03:28','2016-05-19 22:10:29',2,100,1),(177,NULL,'2016-05-19 22:10:29','2016-05-19 22:14:17',3,100,2),(178,NULL,'2016-05-19 22:14:19','2016-05-19 22:25:59',1,100,3),(179,NULL,'2016-05-20 00:05:17','2016-05-20 00:59:28',3,102,1),(180,NULL,'2016-05-20 00:59:28','2016-05-20 01:06:07',2,102,3),(181,NULL,'2016-05-20 01:06:10','2016-05-20 01:10:16',1,102,2),(182,NULL,'2016-05-20 01:25:43','2016-05-20 01:32:49',3,103,3),(183,NULL,'2016-05-20 01:32:49','2016-05-20 01:36:42',1,103,1),(184,NULL,'2016-05-20 01:36:42','2016-05-20 01:39:11',2,103,2),(185,NULL,'2016-05-20 02:51:47','2016-05-20 03:24:05',1,104,2),(186,NULL,'2016-05-20 03:24:05','2016-05-20 04:09:27',3,104,1),(187,NULL,'2016-05-20 04:09:27','2016-05-20 04:27:32',2,104,3);
/*!40000 ALTER TABLE `evaluation_datasetanswer` ENABLE KEYS */;
UNLOCK TABLES;

--
-- Table structure for table `evaluation_subject`
--

DROP TABLE IF EXISTS `evaluation_subject`;
/*!40101 SET @saved_cs_client     = @@character_set_client */;
/*!40101 SET character_set_client = utf8 */;
CREATE TABLE `evaluation_subject` (
  `id` int(11) NOT NULL AUTO_INCREMENT,
  `age` int(11) NOT NULL,
  `internet_ability` int(11) DEFAULT NULL,
  `opendata_ability` int(11) DEFAULT NULL,
  `insert_date` datetime NOT NULL,
  `usefulness` int(11) DEFAULT NULL,
  `usability` int(11) DEFAULT NULL,
  `comments` varchar(1000) DEFAULT NULL,
  `task_order` varchar(50) DEFAULT NULL,
  `search_method_order` varchar(50) DEFAULT NULL,
  `data_ability` int(11) DEFAULT NULL,
  `english_proficiency` int(11),
  PRIMARY KEY (`id`)
) ENGINE=InnoDB AUTO_INCREMENT=105 DEFAULT CHARSET=utf8;
/*!40101 SET character_set_client = @saved_cs_client */;

--
-- Dumping data for table `evaluation_subject`
--

LOCK TABLES `evaluation_subject` WRITE;
/*!40000 ALTER TABLE `evaluation_subject` DISABLE KEYS */;
INSERT INTO `evaluation_subject` VALUES (54,18,5,2,'2016-05-19 14:12:45',5,5,'De fato, foi bem mais simples selecionar o conteúdo. Gostei muito da plataforma. Não estou habituado a pesquisar informações dos tipos propostos, mas o tempo necessário na STOPDaP foi consideravelmente menor para conseguir os resultados desejados. Uma única recomendação que eu faria, que provavelmente já deve ter sido mencionada antes, seriam uns toques novos no CSS do site. ','1#3#2','1#3#2',1,5),(55,17,5,1,'2016-05-19 14:16:59',5,4,'','1#3#2','2#1#3',5,4),(56,23,5,5,'2016-05-19 14:17:32',4,3,'','2#3#1','1#2#3',3,5),(57,8,3,3,'2016-05-19 14:17:37',NULL,NULL,NULL,'2#1#3','3#2#1',3,3),(58,19,5,3,'2016-05-19 14:20:29',4,3,'','3#2#1','2#1#3',2,5),(59,25,5,3,'2016-05-19 14:23:09',NULL,NULL,NULL,'3#2#1','3#2#1',3,5),(60,18,5,1,'2016-05-19 14:26:56',NULL,NULL,NULL,'3#1#2','1#2#3',3,4),(61,21,3,3,'2016-05-19 14:27:02',3,1,'','3#1#2','3#1#2',3,3),(62,18,5,1,'2016-05-19 14:27:03',5,5,'','1#2#3','1#2#3',2,5),(63,19,5,2,'2016-05-19 14:27:06',NULL,NULL,NULL,'1#2#3','3#1#2',2,5),(64,35,5,1,'2016-05-19 14:27:11',NULL,NULL,NULL,'1#2#3','2#3#1',2,1),(65,21,5,3,'2016-05-19 14:28:00',NULL,NULL,NULL,'3#2#1','3#2#1',3,2),(66,19,5,3,'2016-05-19 14:28:02',NULL,NULL,NULL,'2#3#1','2#3#1',3,5),(67,17,5,4,'2016-05-19 14:28:07',NULL,NULL,NULL,'2#3#1','1#2#3',4,5),(68,24,5,4,'2016-05-19 14:28:12',NULL,NULL,NULL,'1#3#2','2#1#3',3,5),(69,18,5,1,'2016-05-19 14:28:25',NULL,NULL,NULL,'3#2#1','2#1#3',3,4),(70,20,5,1,'2016-05-19 14:28:42',NULL,NULL,NULL,'2#3#1','2#3#1',3,4),(71,18,5,2,'2016-05-19 14:28:44',5,4,'','2#3#1','1#2#3',1,3),(72,19,5,3,'2016-05-19 14:29:48',NULL,NULL,NULL,'2#1#3','3#2#1',1,5),(73,20,5,3,'2016-05-19 14:29:50',NULL,NULL,NULL,'2#1#3','1#3#2',3,3),(74,19,5,5,'2016-05-19 14:29:53',NULL,NULL,NULL,'2#3#1','2#3#1',4,5),(75,18,5,2,'2016-05-19 14:29:54',3,4,'a UI nao e intuitiva ou agradavel, ela deveria ser melhor trabalhada para auxiliar na visualização dos resultados','3#1#2','3#1#2',3,5),(76,20,5,5,'2016-05-19 14:30:02',NULL,NULL,NULL,'3#2#1','2#1#3',5,5),(77,20,5,3,'2016-05-19 14:30:11',NULL,NULL,NULL,'3#1#2','3#1#2',4,4),(78,17,5,4,'2016-05-19 14:30:15',NULL,NULL,NULL,'1#3#2','1#3#2',3,4),(79,19,5,1,'2016-05-19 14:30:28',NULL,NULL,NULL,'2#3#1','3#1#2',4,2),(80,24,5,1,'2016-05-19 14:31:33',NULL,NULL,NULL,'2#3#1','2#3#1',3,3),(81,21,5,1,'2016-05-19 14:31:42',NULL,NULL,NULL,'2#1#3','1#3#2',2,5),(82,18,5,3,'2016-05-19 14:32:41',NULL,NULL,NULL,'1#2#3','1#2#3',3,4),(83,32,5,2,'2016-05-19 14:32:55',NULL,NULL,NULL,'2#3#1','1#2#3',4,5),(84,18,5,1,'2016-05-19 14:34:09',NULL,NULL,NULL,'2#3#1','3#1#2',2,2),(85,18,5,1,'2016-05-19 14:34:19',NULL,NULL,NULL,'1#3#2','1#3#2',3,2),(86,18,5,1,'2016-05-19 14:34:31',NULL,NULL,NULL,'2#3#1','3#1#2',2,3),(87,22,5,1,'2016-05-19 14:36:05',4,5,'It\'s necessary to update this layout. The project is great. Nice job.','1#3#2','1#3#2',2,4),(88,20,5,3,'2016-05-19 14:36:21',NULL,NULL,NULL,'2#1#3','3#2#1',3,5),(89,20,5,2,'2016-05-19 14:36:30',4,5,'you can make a visual upgrade','1#3#2','3#2#1',3,3),(90,20,5,4,'2016-05-19 14:37:24',4,4,'','2#1#3','2#1#3',3,5),(91,24,5,2,'2016-05-19 14:38:26',NULL,NULL,NULL,'1#3#2','2#1#3',3,5),(92,18,5,3,'2016-05-19 14:39:24',NULL,NULL,NULL,'1#2#3','3#1#2',2,5),(93,20,5,2,'2016-05-19 14:39:37',5,5,'','3#1#2','1#2#3',3,3),(94,29,5,1,'2016-05-19 14:39:53',NULL,NULL,NULL,'2#3#1','2#3#1',3,1),(95,16,5,4,'2016-05-19 14:40:36',NULL,NULL,NULL,'1#3#2','3#2#1',3,4),(96,22,5,3,'2016-05-19 14:40:39',NULL,NULL,NULL,'2#3#1','2#3#1',2,2),(97,18,5,1,'2016-05-19 14:42:30',4,4,'as perguntas em ingles não foram muito dificeis de entender não, masportugues apareceu','2#1#3','1#3#2',1,3),(98,18,5,5,'2016-05-19 14:44:09',4,4,'','1#2#3','1#2#3',3,5),(99,20,5,3,'2016-05-19 14:44:32',4,4,'','2#3#1','1#2#3',3,5),(100,20,5,1,'2016-05-19 22:03:28',4,5,'','1#2#3','2#3#1',3,4),(101,18,5,3,'2016-05-19 23:07:04',NULL,NULL,NULL,'3#1#2','3#1#2',3,3),(102,32,5,2,'2016-05-20 00:05:17',4,5,'More data is needed. I really wished I could query data as if it were a single data source.','1#3#2','3#2#1',4,5),(103,30,5,3,'2016-05-20 01:25:43',5,5,'Este teste foi executado por Gleibson Simões - DRE 114139600, turma do prof. Fabrício Firmino/Maria Luiza, no curso de 2016.1 de Sistemas de Informação (UFRJ).','3#1#2','3#1#2',4,5),(104,18,5,1,'2016-05-20 02:51:47',5,5,'','2#1#3','1#3#2',2,3);
/*!40000 ALTER TABLE `evaluation_subject` ENABLE KEYS */;
UNLOCK TABLES;

--
-- Table structure for table `evaluation_answer`
--

DROP TABLE IF EXISTS `evaluation_answer`;
/*!40101 SET @saved_cs_client     = @@character_set_client */;
/*!40101 SET character_set_client = utf8 */;
CREATE TABLE `evaluation_answer` (
  `id` int(11) NOT NULL AUTO_INCREMENT,
  `url` varchar(1000) DEFAULT NULL,
  `dataset_answer_id` int(11) DEFAULT NULL,
  `confirmed` tinyint(1) NOT NULL,
  PRIMARY KEY (`id`),
  KEY `D669daf4f7fb6443ec649048c50c1ac6` (`dataset_answer_id`),
  CONSTRAINT `D669daf4f7fb6443ec649048c50c1ac6` FOREIGN KEY (`dataset_answer_id`) REFERENCES `evaluation_datasetanswer` (`id`)
) ENGINE=InnoDB AUTO_INCREMENT=462 DEFAULT CHARSET=latin1;
/*!40101 SET character_set_client = @saved_cs_client */;

--
-- Dumping data for table `evaluation_answer`
--

LOCK TABLES `evaluation_answer` WRITE;
/*!40000 ALTER TABLE `evaluation_answer` DISABLE KEYS */;
INSERT INTO `evaluation_answer` VALUES (16,'',98,0),(17,'',98,0),(18,'',98,0),(19,'',98,0),(20,'',98,0),(21,'http://data.gov.uk (Contract and Procurement information)',99,0),(22,'http://datamx.io (PARTICIPACION MINISTERIAL COMO AUTORIDAD RESPONSABLE ENE- SEP 2015)',99,0),(23,'http://data.gov.au (Call Tender Schedule)',99,0),(24,'',100,0),(25,'',100,0),(26,'',100,0),(27,'',100,0),(28,'',100,0),(29,'',100,0),(30,'',100,0),(31,'',101,0),(32,'',101,0),(33,'',101,0),(34,'',102,0),(35,'',102,0),(36,'',102,0),(37,'',103,0),(38,'',103,0),(39,'',103,0),(40,'',103,0),(41,'',103,0),(42,'',103,0),(43,'',103,0),(44,'',104,0),(45,'',104,0),(46,'',104,0),(47,'',104,0),(48,'',104,0),(49,'https://datahub.io/dataset/2015-budget-portsmouth',105,0),(50,'https://africaopendata.org/dataset/2015-budget',105,0),(51,'https://datahub.io/dataset/2015-budget-city-of-norfolk-va',105,0),(52,'http://open.canada.ca/data/en/dataset/8826e456-6bb2-4183-8072-f6747ae9db71',105,0),(53,'http://dados.gov.br/dataset/orcamento-federal',105,0),(54,'http://catalog.data.gov/dataset/water-resource-inventory-and-assessment-port-louisa-nwr',106,0),(55,'http://catalog.data.gov/dataset/automated-microbiological-water-quality-monitor-project',106,0),(56,'http://catalog.data.gov/dataset/oregon-ag-water-quality-management-areas-map',106,0),(57,'https://data.gov.uk/dataset/biological-river-water-quality-1990to2009',106,0),(58,'https://datahub.io/dataset/2015-budget-portsmouth',107,0),(59,'http://catalog.data.gov/dataset/hydrogeology-mo-1998-natural-ground-water-quality-shp',106,0),(60,'http://data.gov.au/dataset/budget-2015-16-tables-and-data',107,0),(61,'http://catalog.data.gov/dataset/storage-and-retrieval-for-water-quality-data-storet',106,0),(62,'https://datahub.io/dataset/nepal-budget-2014-15',107,0),(63,'https://datahub.io/dataset/water-quality',106,0),(64,'http://open.canada.ca/data/en/dataset/8826e456-6bb2-4183-8072-f6747ae9db71',107,0),(65,'https://africaopendata.org/dataset/2015-budget',107,0),(66,'http://www.mass.gov/anf/budget-taxes-and-procurement/oversight-agencies/osd/procurement-information-center.html',108,0),(67,'https://tfl.gov.uk/corporate/publications-and-reports/procurement-information',108,0),(68,'http://www.norta.com/Business-Center/Procurement-Information.aspx',108,0),(69,'http://catalog.data.gov/dataset/budget-2015-budget-recommendations-positions-and-salaries-a3718',109,0),(70,'http://data.gov.au/dataset/budget-2014-15-tables-and-data',109,0),(71,'http://open-data.europa.eu/data/dataset/Final_Budget_2015',109,0),(72,'http://hubofdata.ru//dataset/cbodhar-6iodxethar-pocnncb-pecny6jinkn-kajimbiknr-ha-2015-2017-rodbi',109,0),(73,'http://catalog.data.gov/dataset/fiscal-year-2015-county-executive-recommended-operating-budget-b2df3',109,0),(74,'http://data.gov.au/dataset/budget-2014-15-tables-and-data',110,0),(75,'http://catalog.data.gov/dataset/budget-fiscal-year-2015-budget-executive-recommendation-summary-by-object-classification-0085c',110,0),(76,'https://data.gov.uk/dataset/council-budgets-2015-16',110,0),(77,'http://hubofdata.ru//dataset/cbodhar-6iodxethar-pocnncb-pecny6jinkn-kajimbiknr-ha-2015-2017-rodbi',110,0),(78,'https://datahub.io/dataset/senior-lfepa-staff-information-2015',110,0),(79,'https://data.gov.uk/dataset/procurement-information-for-craven-district-council',111,0),(80,'http://catalog.data.gov/dataset/federal-procurement-data-system',111,0),(81,'https://www.data.vic.gov.au/data/dataset/expenditure-on-consultancies-by-the-department-of-planning-and-community-development',111,0),(82,'http://waterdata.usgs.gov/nwis/current/?type=quality',112,0),(83,'http://www.iwra.org/congress/resource/abs649_article.pdf',112,0),(84,'https://www.researchgate.net/publication/8504672_Water_quality_assessment_of_the_River_Nile_system_An_overview',112,0),(85,'',112,0),(86,'',112,0),(87,'',112,0),(88,'',112,0),(89,'https://datahub.io/dataset/russian-procurement-classifier',113,0),(90,'http://drdsi.jrc.ec.europa.eu/dataset/procurement-plan',113,0),(91,'https://data.gov.uk/dataset/procurement-card-transactions',113,0),(92,'',114,0),(93,'',114,0),(94,'',114,0),(95,'',114,0),(96,'',114,0),(97,'',114,0),(98,'',114,0),(99,'http://www.internationalbudget.org/opening-budgets/open-budget-initiative/open-budget-survey/country-info/?country=af',115,0),(100,'http://www.internationalbudget.org/opening-budgets/open-budget-initiative/open-budget-survey/country-info/?country=fj',115,0),(101,'http://www.internationalbudget.org/opening-budgets/open-budget-initiative/open-budget-survey/country-info/?country=de',115,0),(102,'http://www.internationalbudget.org/opening-budgets/open-budget-initiative/open-budget-survey/country-info/?country=br',115,0),(103,'http://www.internationalbudget.org/opening-budgets/open-budget-initiative/open-budget-survey/country-info/?country=mx',115,0),(104,'http://us-city.census.okfn.org/place/losangeles',116,0),(105,'http://open.canada.ca/data/en/dataset/53753f06-8b28-42d7-89f7-04cd014323b0',116,0),(106,'http://index.okfn.org/place/japan/',116,0),(107,'http://us-city.census.okfn.org/place/losangeles',117,0),(108,'http://open.canada.ca/data/en/dataset/53753f06-8b28-42d7-89f7-04cd014323b0',117,0),(109,'http://index.okfn.org/place/japan/',117,0),(110,'https://data.sfgov.org/data?search=2015+budget+information',118,0),(111,'https://data.gov.au/dataset?q=2015+budget+information&sort=extras_harvest_portal+asc%2C+score+desc',118,0),(112,'https://data.govt.nz/dataset/show/4219',118,0),(113,'https://data.gov.uk/data/search',118,0),(114,'https://open.alberta.ca/dataset?topic=Government',118,0),(115,'http://www.budget.gov.ie/Budgets/2016/2016.aspx',119,0),(116,'https://www.gov.uk/government/collections/budget-2015-hm-revenue-and-customs',119,0),(117,'http://ec.europa.eu/budget/biblio/documents/2015/2015_en.cfm',119,0),(118,'http://www.ebudget.ca.gov/2015-16/Revised/agencies.html',119,0),(119,'http://www.stat.go.jp/english/data/handbook/c0117.htm',119,0),(120,'http://www.mf.gov.si/fileadmin/mf.gov.si/pageuploads/Prora%C4%8Dun/Sprejeti_prora%C4%8Dun/2013/SP2013_POS.csv',120,0),(121,'https://data.sfgov.org/api/views/xdgd-c79v/rows.xml?accessType=DOWNLOAD',120,0),(122,'https://commondatastorage.googleapis.com/ckannet-storage/2012-08-07T043251/Budget.csv',120,0),(123,'https://ckannet-storage.commondatastorage.googleapis.com/2014-09-03T03:00:35.222Z/kumamoto-kikuyo-budget-part2-sheet1.csv',120,0),(124,'https://ckannet-storage.commondatastorage.googleapis.com/2014-12-22T08:54:20.623Z/ngong-2013.csv',120,0),(125,'https://data.gov.uk/dataset/dft-gpc-spend/resource/ae78ecd2-e51f-4b31-9e55-c34e2a72a109',121,0),(126,'http://datamx.io/dataset/participacion-ministerial-como-autoridad-responsable-ene-sep-2015',121,0),(127,'',121,0),(128,'http://catalog.data.gov/dataset/water-quality-issues-as-potential-limiting-factors-affecting-juvenile-atlantic-salmon-life',122,0),(129,'https://data.sa.gov.au/data/dataset/2f40aae2-e434-4d85-a8c5-78211e0a44aa',122,0),(130,'http://catalog.data.gov/dataset/water-resource-inventory-and-assessment-port-louisa-nwr',122,0),(131,'http://catalog.data.gov/dataset/department-of-health-surface-water-quality',122,0),(132,'http://vps3.eita.org.br/faceted_search/?q=water+quality&selected_facets=country_exact:United%20States%20of%20America',122,0),(133,'http://catalogue.beta.data.wa.gov.au/dataset/statewide-river-water-quality-assessment',122,0),(134,'https://data.sa.gov.au/data/dataset/2f0bd5c4-623b-4a25-b6d5-e731f61979a0',122,0),(135,'http://open.canada.ca/data/en/dataset/08077f7e-0f34-486f-8aa3-f4feb7b8ad2d',123,0),(136,'http://dados.gov.br/dataset/petroleo-importacoes-exportacoes',123,0),(137,'http://data.tainan.gov.tw/dataset/liquefied-petroleum-gas',123,0),(138,'https://africaopendata.org/dataset/water-sanitation-coverage',124,0),(139,'',124,0),(140,'',124,0),(141,'',124,0),(142,'',124,0),(143,'',124,0),(144,'',124,0),(145,'https://data.gov.uk/dataset/procurement-information',125,0),(146,'http://www.unimib.it/go/47360/Home/Italiano/Amministrazione-Trasparente/Bandi-di-gara-e-appalti',125,0),(147,'http://catalogo.datos.gob.mx/dataset/adquisiciones',125,0),(148,'https://data.austintexas.gov/Financial/Program-Budget-Operating-Budget-Vs-Expense-Raw-Dat/g5k8-8sud',126,0),(149,'https://data.smgov.net/Finance/Biennial-Operating-Budget/3tip-pxpi',126,0),(150,'https://www.data.gouv.fr/fr/datasets/budget-de-letat-exercice-2014/',126,0),(151,'http://open.canada.ca/data/en/dataset/8826e456-6bb2-4183-8072-f6747ae9db71',126,0),(152,'https://data.gov.uk/dataset/council-budget',126,0),(153,'https://knoema.com/atlas/Argentina/topics/Budget/datasets',127,0),(154,'https://knoema.com/atlas/Canada/topics/Budget/datasets',127,0),(155,'https://knoema.com/atlas/Germany/topics/Budget/datasets',127,0),(156,'https://knoema.com/atlas/China/topics/Budget/datasets',127,0),(157,'https://knoema.com/atlas/Italy/topics/Budget/datasets',127,0),(158,'http://daac.ornl.gov/cgi-bin/dsviewer.pl?ds_id=1144',128,0),(159,'http://daac.ornl.gov/cgi-bin/dsviewer.pl?ds_id=1132',128,0),(160,'https://data.gov.uk/dataset/biological-river-water-quality-1990to2009',128,0),(161,'https://data.gov.uk/dataset/chemical-river-water-quality-1990to2009',128,0),(162,'https://data.gov.uk/dataset/river-water-quality-regions/resource/509fa28d-0953-4b72-a52e-25310a48736b',128,0),(163,'https://data.gov.uk/dataset/river-water-quality-regions/resource/ddbba2cf-c211-46b4-87bc-5ba52c12a24f',128,0),(164,'https://data.gov.uk/dataset/river-water-quality-regions/resource/1b4c2e9f-9c69-48ab-8a0c-0db95dafb366',128,0),(165,'http://hubofdata.ru//dataset/farmdata',129,0),(166,'http://dados.gov.br/dataset/cadastro-nacional-de-empresas-inidoneas-e-suspensas',129,0),(167,'http://catalog.data.gov/dataset/environmentally-preferable-procurements',129,0),(168,'https://datahub.io/dataset/cauvery',130,0),(169,'https://datahub.io/dataset/new-zealand-national-river-water-quality-network-data-for-1989-to-2007',130,0),(170,'http://130.179.67.140/dataset/environment-canada-water-quality-monitoring-stations-east-side-rivers-and-lake-outlet-water-quality',130,0),(171,'http://catalogue.beta.data.wa.gov.au/dataset/statewide-river-water-quality-assessment',130,0),(172,'http://search.geothermaldata.org/dataset/ground-water-quality-data-from-the-northern-powder-river-basin-southeastern-mt',130,0),(173,'http://search.geothermaldata.org/dataset/water-quality-of-the-victoria-river-basin-in-the-pailas-geothermal-field-guanacaste-c-2007-2008',130,0),(174,'https://datahub.io/dataset/brahmaputra',130,0),(175,'https://tfl.gov.uk/corporate/publications-and-reports/procurement-information',131,0),(176,'http://www.rio.rj.gov.br/web/smc/licitacoes',131,0),(177,'http://www.bna.com.ar/Institucional/ComprasYLicitacionesResultados',131,0),(178,'https://www.theguardian.com/business/2015/may/22/uk-budget-deficit-narrows-after-boost-from-taxes-and-duties',132,0),(179,'http://www.tradingeconomics.com/china/government-budget',132,0),(180,'http://www.tradingeconomics.com/brazil/government-budget',132,0),(181,'http://www.tradingeconomics.com/india/government-budget',132,0),(182,'https://www.yahoo.com/news/us-budget-deficit-falls-8-low-2015-194021330.html?ref=gs',132,0),(183,'http://open.canada.ca/data/en/dataset/8826e456-6bb2-4183-8072-f6747ae9db71',133,0),(184,'http://catalog.data.gov/dataset/fy-2015-budget-submission-volume-i',133,0),(185,'http://hubofdata.ru/dataset/fomru_10538',133,0),(186,'',133,0),(187,'',133,0),(188,'https://datahub.io/dataset/2015-budget-city-of-norfolk-va',134,0),(189,'https://africaopendata.org/dataset/2015-budget',134,0),(190,'http://open.canada.ca/data/en/dataset/8826e456-6bb2-4183-8072-f6747ae9db71',134,0),(191,'http://catalog.data.gov/dataset/budget-fiscal-year-2015-budget-executive-recommendation-summary-by-object-classification-0085c',134,0),(192,'http://data.gov.au/dataset/budget-2015-16-tables-and-data',134,0),(193,'http://wqic.nal.usda.gov/databases-0',135,0),(194,'http://water.usgs.gov/owq/data.html',135,0),(195,'http://www.globalwaterforum.org/resources/data/',135,0),(196,'http://www.waterboards.ca.gov/resources/data_databases/',135,0),(197,'http://freegisdata.rtwilson.com/',135,0),(198,'',135,0),(199,'',135,0),(200,'http://catalog.data.gov/dataset/pre-lba-carbon-in-the-amazon-river-experiment-camrex-data',136,0),(201,'http://open.canada.ca/data/en/dataset/9ec91c92-22f8-4520-8b2c-0f1cce663e18',136,0),(202,'https://datahub.io/dataset/status-water-quality-india',136,0),(203,'http://catalog.data.gov/dataset/water-resources-inventory-and-assessment-parker-river-national-wildlife-refuge',136,0),(204,'http://catalog.data.gov/dataset/cahaba-river-national-wildlife-refuge-water-resource-inventory-and-assessment',136,0),(205,'',136,0),(206,'',136,0),(207,'http://open.canada.ca/data/en/dataset/9ec91c92-22f8-4520-8b2c-0f1cce663e18',137,0),(208,'http://catalog.data.gov/dataset/cahaba-river-national-wildlife-refuge-water-resource-inventory-and-assessment',137,0),(209,'http://open.canada.ca/data/en/dataset/448ec403-6635-456b-8ced-d3ac24143add',137,0),(210,'http://open.canada.ca/data/en/dataset/4dfed297-49ff-4c0d-9aa2-0572a95faf00',137,0),(211,'',137,0),(212,'',137,0),(213,'',137,0),(214,'http://data.nsw.gov.au/data/dataset/fee59e5b-d9c7-4368-8a1b-88942429b12e',138,0),(215,'https://datahub.io/dataset/water-quality',138,0),(216,'https://datahub.io/dataset/water-quality-ground-water-2008',138,0),(217,'http://opendata.arcgis.com/datasets/578c07b3589843bbb1b7fb79028f8672_0',138,0),(218,'https://datahub.io/dataset/wqis',138,0),(219,'http://opendata.arcgis.com/datasets/578c07b3589843bbb1b7fb79028f8672_0',138,0),(220,'http://catalog.data.gov/dataset/specific-water-quality-sites-for-garfield-county-utah',138,0),(221,'http://donnees.ville.montreal.qc.ca/dataset/budget-rosemont-la-petite-patrie/resource/09a9258f-665c-4c43-b79c-dc20b46e6970',139,0),(222,'http://hubofdata.ru//dataset/cbodhar-6iodxethar-pocnncb-pecny6jinkn-kajimbiknr-ha-2015-2017-rodbi',139,0),(223,'https://data.gov.ie/dataset/roscommon-annual-budget-2015-table-ae8edd',139,0),(224,'https://data.gov.uk/dataset/council-budgets-2015-16',139,0),(225,'http://dati.trentino.it//dataset/bilancio-di-previsione-2013-e-bilancio-pluriennale-2013-2015-aprofod',139,0),(226,'https://data.qld.gov.au/dataset/2015-16-budget-sds',140,0),(227,'http://catalog.data.gov/dataset/budget-fiscal-year-2015-budget-executive-recommendation-summary-by-object-classification-0085c',140,0),(228,'https://data.gov.uk/dataset/council-budgets-2015-16',140,0),(229,'http://hubofdata.ru//dataset/cbodhar-6iodxethar-pocnncb-pecny6jinkn-kajimbiknr-ha-2015-2017-rodbi',140,0),(230,'http://etsin.avointiede.fi/dataset/fsd3097',140,0),(231,'http://catalog.data.gov/dataset/federal-procurement-data-system',141,0),(232,'http://datamx.io/dataset/participacion-ministerial-como-autoridad-responsable-ene-sep-2015',141,0),(233,'http://drdsi.jrc.ec.europa.eu/dataset/statistical-data-on-the-distribution-of-public-funds-that-fall-under-law-no-96-xvi-of-13-april-',141,0),(234,'http://hubofdata.ru//dataset/biodxet-pecny6jinkn-mopdobnr-ha-2015-2017-rodbi',142,0),(235,'http://catalog.data.gov/dataset/budget-fiscal-year-2015-budget-executive-recommendation-summary-by-object-classification-0085c',142,0),(236,'http://datosabiertos.malaga.eu//dataset/presupuestos-estado-consolidado-2015',142,0),(237,'http://dati.trentino.it//dataset/bilancio-di-previsione-2013-e-bilancio-pluriennale-2013-2015-aprofod',142,0),(238,'http://offenedaten.de//dataset/vorschlagslisten-konsolidierung-haushalt-2015-2016',142,0),(239,'http://drdsi.jrc.ec.europa.eu/dataset/data-on-the-performance-of-the-construction-repair-road-design-and-equipment-procurement-from-j',143,0),(240,'http://dados.gov.br/dataset/siconv',143,0),(241,'http://opendata.digitalwallonia.be/dataset/iweps-213500-taux-de-chomage-administratif-15-64-ans',143,0),(242,'https://data.gov.uk/dataset/contract-and-procurement-information',144,0),(243,'http://datamx.io/dataset/participacion-ministerial-como-autoridad-responsable-ene-sep-2015',144,0),(244,'https://datahub.io/dataset/serbian-public-procurement-contracts',144,0),(245,'http://catalog.data.gov/dataset/federal-procurement-data-system',145,0),(246,'http://datamx.io/dataset/participacion-ministerial-como-autoridad-responsable-ene-sep-2015',145,0),(247,'http://drdsi.jrc.ec.europa.eu/dataset/statistical-data-on-the-distribution-of-public-funds-that-fall-under-law-no-96-xvi-of-13-april-',145,0),(248,'http://catalog.data.gov/dataset/u-s-department-of-defense-budget-estimates-fy-2015',146,0),(249,'http://open.canada.ca/data/en/dataset/8826e456-6bb2-4183-8072-f6747ae9db71',146,0),(250,'http://dados.gov.br/dataset/orcamento-federal',146,0),(251,'http://hubofdata.ru//dataset/cbodhar-6iodxethar-pocnncb-pecny6jinkn-kajimbiknr-ha-2015-2017-rodbi',146,0),(252,'http://data.gov.au/dataset/budget-2014-15-tables-and-data',146,0),(253,'http://waterdata.usgs.gov/nwis/current/?type=quality',147,0),(254,'http://www.iwra.org/congress/resource/abs649_article.pdf',147,0),(255,'https://www.researchgate.net/publication/8504672_Water_quality_assessment_of_the_River_Nile_system_An_overview',147,0),(256,'http://www.sciencedirect.com/science/article/pii/S0147651308000705',147,0),(257,'http://www.redevale.ita.br/iisrhps/documentos/guandu/IISRHPS_sessao_tecnica_IV_5.pdf',147,0),(258,'http://www.cprm.gov.br/publique/media/Evento_T141.pdf',147,0),(259,'http://aguasinteriores.cetesb.sp.gov.br/wp-content/uploads/sites/32/2013/11/agua-doce-parte1-corrigido.pdf',147,0),(260,'http://catalog.data.gov/dataset/budget-fiscal-year-2015-budget-executive-recommendation-summary-by-object-classification-0085c',148,0),(261,'http://open-data.europa.eu/data/dataset/Final_Budget_2015',148,0),(262,'https://data.qld.gov.au/dataset/2015-16-budget-sds',148,0),(263,'https://data.gov.uk/dataset/council-budget',148,0),(264,'',148,0),(265,'http://www.licitacoes-e.com.br/aop/consultar-detalhes-licitacao.aop?numeroLicitacao=628217&opcao=consultarDetalhesLicitacao',149,0),(266,'http://www.licitacoes-e.com.br/aop/consultar-detalhes-licitacao.aop?numeroLicitacao=602235&opcao=consultarDetalhesLicitacao',149,0),(267,'https://www.licitacoes-e.com.br/aop/consultar-detalhes-licitacao.aop?numeroLicitacao=614320&opcao=consultarDetalhesLicitacao',149,0),(268,'http://catalog.data.gov/dataset/budget-fiscal-year-2015-budget-executive-recommendation-summary-by-object-classification-0085c',150,0),(269,'http://data.gov.au/dataset/budget-2014-15-tables-and-data',150,0),(270,'http://hubofdata.ru//dataset/cbodhar-6iodxethar-pocnncb-pecny6jinkn-kajimbiknr-ha-2015-2017-rodbi',150,0),(271,'https://data.gov.uk/dataset/crown-prosecution-service-major-projects-portfolio-data-2015',150,0),(272,'https://datahub.io/dataset/senior-lfepa-staff-information-2015',150,0),(273,'http://hubofdata.ru//dataset/cbodhar-6iodxethar-pocnncb-pecny6jinkn-kajimbiknr-ha-2015-2017-rodbi',151,0),(274,'http://catalog.data.gov/dataset/budget-fiscal-year-2015-budget-executive-recommendation-summary-by-object-classification-0085c',151,0),(275,'http://data.gov.au/dataset/budget-2014-15-tables-and-data',151,0),(276,'http://data.gov.uk/dataset/council-budgets-2015-16',151,0),(277,'http://open-data.europa.eu/data/dataset/Final_Budget_2015',151,0),(278,'http://catalog.data.gov/dataset/budget-fiscal-year-2015-budget-executive-recommendation-summary-by-object-classification-0085c',152,0),(279,'http://data.gov.uk/dataset/budget-information',152,0),(280,'http://catalog.data.gov/dataset/budget-fiscal-year-2016-executive-recommendation-budget-summary-by-object-classification',152,0),(281,'https://data.gov.uk/dataset/single-enforcement-budget',152,0),(282,'http://catalog.data.gov/dataset/2017-budget-receipts',152,0),(283,'http://catalog.data.gov/dataset/lba-eco-lc-07-reflectance-spectra-and-water-quality-of-amazon-basin-floodplain-lakes',153,0),(284,'http://catalog.data.gov/dataset/2012-puget-sound-lidar-consortium-pslc-topographic-lidar-upper-naches-river-washington4f43e',153,0),(285,'',153,0),(286,'',153,0),(287,'',153,0),(288,'',153,0),(289,'',153,0),(290,'https://ckannet-storage.commondatastorage.googleapis.com/2015-01-18T02:11:32.735Z/2015.zip',154,0),(291,'',154,0),(292,'',154,0),(293,'',154,0),(294,'',154,0),(295,'https://datahub.io/dataset/si-budgets',155,0),(296,'https://africaopendata.org/dataset/uganda-budget-1994-2014',155,0),(297,'https://datahub.io/dataset/nigeria-s-budget',155,0),(298,'http://data.openva.com/dataset/budget',155,0),(299,'https://datahub.io/dataset/kikuyo-budget',155,0),(300,'http://catalogo.governoaberto.sp.gov.br/dataset/417-qualidade-das-aguas-superficiais',156,0),(301,'http://cida.usgs.gov/quality/rivers/home',156,0),(302,'',156,0),(303,'',156,0),(304,'',156,0),(305,'',156,0),(306,'',156,0),(307,'https://data.gov.uk/dataset/wirral_government_card_procurement',157,0),(308,'http://opendata.aragon.es/dataset/contratos-registrados-total-por-municipios',157,0),(309,'http://opendatacanarias.es/datos/dataset/cic-paneles-de-informacion',157,0),(310,'http://catalog.data.gov/dataset/federal-procurement-data-system',158,0),(311,'http://datamx.io/dataset/participacion-ministerial-como-autoridad-responsable-ene-sep-2015',158,0),(312,'https://datahub.io/dataset/serbian-public-procurement-contracts',158,0),(313,'https://data.qld.gov.au/dataset/2015-16-budget-bp2',159,0),(314,'https://www.data.vic.gov.au/data/dataset/state-budget-2015-16-department-of-treasury-and-finance-output-performance-measures',159,0),(315,'https://datahub.io/dataset/2015-budget-city-of-virginia-beach-va',159,0),(316,'https://data.qld.gov.au/dataset/2015-16-budget-sds',159,0),(317,'http://data.gov.au/dataset/budget-2015-16-tables-and-data',159,0),(318,'https://datahub.io/dataset/brahmaputra',160,0),(319,'https://datahub.io/dataset/ganga',160,0),(320,'http://water.usgs.gov/owq/data.html',160,0),(321,'',160,0),(322,'',160,0),(323,'',160,0),(324,'',160,0),(325,'http://www.ncbi.nlm.nih.gov/pubmed/15202868',161,0),(326,'http://file.scirp.org/pdf/JEP20121200003_58257464.pdf',161,0),(327,'https://www.nps.gov/miss/learn/nature/waterquality.htm',161,0),(328,'http://www.nj.gov/drbc/library/documents/WQAssessmentReport2014.pdf',161,0),(329,'http://www.extension.umn.edu/environment/water/watersheds/mn-river-basin-water-quality-overview/',161,0),(330,'http://pubs.usgs.gov/sir/2004/5113/',161,0),(331,'http://www.dep.state.fl.us/northeast/stjohns/pdf/river.pdf',161,0),(332,'http://catalog.data.gov/dataset/department-of-health-surface-water-quality',162,0),(333,'http://catalog.data.gov/dataset/hydrography-rivers-and-streams-ri-integrated-water-quality-monitoring-and-assessment-report-2013f5a6',162,0),(334,'catalog.data.gov/dataset/hydrography-mo-2013-outstanding-resource-waters-rivers-and-streams-shp',162,0),(335,'https://edx.netl.doe.gov/dataset/tennessee-gis-water-data',162,0),(336,'http://catalog.data.gov/dataset/lba-eco-lc-07-water-quality-co2-chlorophyll-lago-curuai-para-brazil-2003-2004-b057d',162,0),(337,'http://catalog.data.gov/dataset/lba-eco-lc-07-water-quality-co2-chlorophyll-lago-curuai-para-brazil-2003-2004-b25b0',162,0),(338,'http://catalog.data.gov/dataset/lba-eco-lc-07-reflectance-spectra-and-water-quality-of-amazon-basin-floodplain-lakes-249cf',162,0),(339,'https://data.gov.au/dataset/water-quality-monitoring-system-darwin-harbour-northern-territory1582b',163,0),(340,'https://data.gov.au/dataset/ffc17844-006c-40e8-adcd-53e75efb530f',163,0),(341,'https://data.govt.nz/dataset/show/4908',163,0),(342,'http://www.cbr.washington.edu/dart/wrapper?type=php&fname=wqmhourly_1463669201_686.php',163,0),(343,'http://nwis.waterdata.usgs.gov/usa/nwis/qw',163,0),(344,'https://data.mfe.govt.nz/table/2532-river-water-quality-raw-data-by-nrwqn-site-1989-2013/data/',163,0),(345,'http://www.epd.gov.hk/epd/mobile/english/environmentinhk/water/river_quality/rwq_data.html',163,0),(346,'http://catalog.data.gov/dataset/new-york-state-enacted-budget-appropriations-2014-2015',164,0),(347,'https://datahub.io/dataset/2015-budget-portsmouth',164,0),(348,'https://opendata.arcgis.com/datasets/91f762bf6ed042b4b1c60006daee63f0_0.geojson',164,0),(349,'https://data.humdata.org/dataset/kenya-national-budget-estimate-breakdown-by-implementing-agency-2014-2015',164,0),(350,'',164,0),(351,'https://wqis.niwa.co.nz',165,0),(352,'application/octet-stream',165,0),(353,'http://data.gov.au/dataset/34c88299-d0f4-4f83-9f8d-270c77e36ee2',165,0),(354,'',165,0),(355,'',165,0),(356,'',165,0),(357,'',165,0),(358,'http://open.canada.ca/data/en/dataset/136be8ff-e07d-43a1-ba83-ce246f84d584',166,0),(359,'http://catalog.data.gov/dataset/lba-eco-lc-02-tributary-coordinates-acre-river-tri-national-river-basin-2003-2004-6fef9',166,0),(360,'http://opendata.arcgis.com/datasets/b521102daffa46dca51e9875cc1642f4_7',166,0),(361,'http://open.canada.ca/data/en/dataset/4dfed297-49ff-4c0d-9aa2-0572a95faf00',166,0),(362,'https://datahub.io/dataset/water-quality-river-damodar-rupnarayan-barakar-konar-jumar-bokaro-and-mahananda-2008',166,0),(363,'https://gisdata.mn.gov/dataset/us-mn-state-metc-water-lakes-rivers',166,0),(364,'http://catalog.data.gov/dataset/2010-hudson-river-shallow-water-sediment-grabs',166,0),(365,'',167,0),(366,'',167,0),(367,'',167,0),(368,'',167,0),(369,'',167,0),(370,'https://data.birmingham.gov.uk/pt_BR/dataset/procurement-information',168,0),(371,'http://dados.pgfn.fazenda.gov.br/dataset/pareceres/resource/10602012',168,0),(372,'http://catalogo.datos.gob.mx/sv/dataset/licitaciones',168,0),(373,'http://www.cookcountyil.gov/budget/budget-archive/',169,0),(374,'http://www.va.gov/budget/products.asp',169,0),(375,'http://data.gov.au/dataset/c754efb9-f456-4417-acc7-bd96cff93cb4',169,0),(376,'https://data.qld.gov.au/dataset/2015-16-budget-sds',169,0),(377,'http://open-data.europa.eu/data/dataset/Final_Budget_2015',169,0),(378,'http://www.brasil.gov.br/meio-ambiente/2015/12/agua-do-rio-doce-tem-mesma-qualidade-de-antes-do-rompimento-de-barragem/agua_pot24-850x566.jpg/view',170,0),(379,'http://www.brasil.gov.br/cidadania-e-justica/2013/03/amazonas-ja-cadastrou-mais-de-mil-familias-no-programa-aguas-para-todos',170,0),(380,'http://www.census.gov/quickfacts/table/PST045215/16035',170,0),(381,'http://www.census.gov/quickfacts/table/PST045215/12061',170,0),(382,'',170,0),(383,'',170,0),(384,'',170,0),(385,'http://www.mass.gov/anf/budget-taxes-and-procurement/procurement-info-and-res/buy-from-a-state-contract/',171,0),(386,'http://www3.transparencia.gov.br/seleciona.jsf',171,0),(387,'http://www.linguee.de/deutsch-englisch/uebersetzung/beschaffung+von+informationen.html',171,0),(388,'https://data.gov.uk/dataset/procurement-information-for-craven-district-council',172,0),(389,'http://datamx.io/dataset/participacion-ministerial-como-autoridad-responsable-ene-sep-2015',172,0),(390,'http://drdsi.jrc.ec.europa.eu/dataset/statistical-data-on-the-distribution-of-public-funds-that-fall-under-law-no-96-xvi-of-13-april-',172,0),(391,'https://www.rio2016.com/transparencia/contratos',173,0),(392,'http://www.qmul.ac.uk/docs/procurement/119761.xlsx',173,0),(393,'https://docs.google.com/spreadsheets/d/1YdmxfkYJB04gxhCIlzl0t2Ydgdne_09ZMe-B4idIUyk/htmlembed',173,0),(394,'https://tfl.gov.uk/corporate/publications-and-reports/procurement-information',174,0),(395,'https://sites.google.com/site/cnetuc/contrataciones',174,0),(396,'http://inicio.ifai.org.mx/SitePages/Adquisiciones.aspx',174,0),(397,'http://catalog.data.gov/dataset/budget-fiscal-year-2015-budget-executive-recommendation-summary-by-object-classification-0085c',175,0),(398,'https://offenedaten.de//dataset/haushaltsplan-2015-landkreis-ludwigslust-parchim',175,0),(399,'https://data.gov.uk/dataset/council-budgets-2015-16',175,0),(400,'https://data.gov.ie/dataset/roscommon-annual-budget-2015-table-bd2f6d',175,0),(401,'https://www.data.gv.at/katalog/dataset/voranschlag-2015',175,0),(402,'http://datahub.io//dataset/cauvery',176,0),(403,'http://datahub.io//dataset/brahmaputra',176,0),(404,'http://datahub.io//dataset/ganga',176,0),(405,'https://data.gov.uk/dataset/bristol-river-water-quality',176,0),(406,'https://datahub.io/dataset/water-quality-river-damodar-rupnarayan-barakar-konar-jumar-bokaro-and-mahananda-2008',176,0),(407,'http://catalogue.beta.data.wa.gov.au/dataset/statewide-river-water-quality-assessment',176,0),(408,'http://data.gov.au/dataset/river-torrens-water-quality-upstream-and-downstream-from-lake',176,0),(409,'http://us-city.census.okfn.org/dataset/budget',177,0),(410,'https://data.gov.au/dataset/budget-2015-16-tables-and-data',177,0),(411,'https://open-data.europa.eu/en/data/dataset/Final_Budget_2015',177,0),(412,'https://www.data.gouv.fr/fr/datasets/budget-de-letat-exercice-2014/',177,0),(413,'http://www.dgo.pt/politicaorcamental/Paginas/OEpagina.aspx?Ano=2015&TipoOE=Or%u00e7amento+Estado+Aprovado&TipoDocumentos=Lei+/+Mapas+Lei+/+Relat%u00f3rio',177,0),(414,'https://data.gov.uk/dataset/procurement-information-for-craven-district-council',178,0),(415,'http://opendata.socrata.com/Government/Adquisiciones-de-Bienes-o-Servicios/tfi3-sqn6',178,0),(416,'',178,0),(417,'http://global.census.okfn.org/dataset/water',179,0),(418,'http://waterinfo.nsw.gov.au/drr/darling.shtml#wq',179,0),(419,'http://data.geus.dk/geusmap/?mapname=grundvand#zoom=1.9792993958313527&lat=6263000.001&lon=691500.001&visiblelayers=Topographic&filter=&layers=&mapname=grundvand&filter=&epsg=25832&mode=map&map_imagetype=png&wkt=',179,0),(420,'http://data.gov.tw/node/6308',179,0),(421,'https://ref.data.gov.sg/Metadata/SGMatadata.aspx?id=2614010000000011201U&mid=184755&t=TEXTUAL',179,0),(422,'https://data.gov.in/catalog/water-quality-data-river-ganga',179,0),(423,'',179,0),(424,'http://hubofdata.ru//dataset/gkz_31_20_21',180,0),(425,'https://data.gov.uk/dataset/procurement-information-for-craven-district-council',180,0),(426,'http://datamx.io/dataset/adquisiciones-arrendamientos-y-servicios',180,0),(427,'https://africaopendata.org/dataset/2015-budget',181,0),(428,'http://catalog.data.gov/dataset/total-budget-expenditures-2015-2016-8a428',181,0),(429,'https://datahub.io/dataset/budget-of-landkreis-giessen',181,0),(430,'https://data.humdata.org/dataset/kenya-national-budget-estimate-breakdown-by-implementing-agency-2014-2015',181,0),(431,'https://datahub.io/dataset/nigeria-s-budget',181,0),(432,'http://exoplanetarchive.ipac.caltech.edu/cgi-bin/TblView/nph-tblView?app=ExoTbls&config=planets',182,0),(433,'http://www.iadb.org/es/proyectos/adquisiciones-de-proyectos,8148.html',182,0),(434,'https://open-data.europa.eu/de/data/dataset/j2ydOp1Brd6yd7msmmKOsg',182,0),(435,'http://catalog.data.gov/dataset/water-resource-inventory-and-assessment-port-louisa-nwr',183,0),(436,'http://catalog.data.gov/dataset/oregon-ag-water-quality-management-areas-map',183,0),(437,'http://catalog.data.gov/dataset/storage-and-retrieval-for-water-quality-data-storet',183,0),(438,'http://open.canada.ca/data/en/dataset/9ec91c92-22f8-4520-8b2c-0f1cce663e18',183,0),(439,'catalog.data.gov/dataset/san-francisco-bay-water-quality-improvement-fund',183,0),(440,'http://catalog.data.gov/dataset/annual-report-on-ground-water-in-arizona-spring-1962-to-spring-1963',183,0),(441,'data.wa.gov/Goal-3-Sustainable-Energy-and-a-Clean-Environment/G3-3-2-Freshwater-Water-Quality/xe7n-2wwr',183,0),(442,'http://data.gov.au/dataset/budget-2014-15-tables-and-data',184,0),(443,'http://data.gov.uk/dataset/department-for-education-business-plan-quarterly-data-summary',184,0),(444,'http://catalog.data.gov/dataset/fiscal-year-2015-budget-37edf',184,0),(445,'http://datahub.io//dataset/senior-lfepa-staff-information-2015',184,0),(446,'http://hubofdata.ru//dataset/cbodhar-6iodxethar-pocnncb-pecny6jinkn-kajimbiknr-ha-2015-2017-rodbi',184,0),(447,'http://dados.gov.br/dataset/orcamento-federal',185,0),(448,'http://data.gov.au/dataset/budget-2014-15-tables-and-data',185,0),(449,'https://africaopendata.org/dataset/2015-budget',185,0),(450,'http://catalog.data.gov/dataset/budget-2015-budget-recommendations-positions-and-salaries-a3718',185,0),(451,'',185,0),(452,'http://pdf.usaid.gov/pdf_docs/Pnads248.pdf',186,0),(453,'',186,0),(454,'',186,0),(455,'',186,0),(456,'',186,0),(457,'',186,0),(458,'',186,0),(459,'https://www.data.vic.gov.au/data/dataset/expenditure-on-consultancies-by-the-department-of-human-services',187,0),(460,'http://datamx.io/dataset/adquisiciones-arrendamientos-y-servicios',187,0),(461,'http://dados.gov.br/dataset/compras-publicas-do-governo-federal',187,0);
/*!40000 ALTER TABLE `evaluation_answer` ENABLE KEYS */;
UNLOCK TABLES;
/*!40103 SET TIME_ZONE=@OLD_TIME_ZONE */;

/*!40101 SET SQL_MODE=@OLD_SQL_MODE */;
/*!40014 SET FOREIGN_KEY_CHECKS=@OLD_FOREIGN_KEY_CHECKS */;
/*!40014 SET UNIQUE_CHECKS=@OLD_UNIQUE_CHECKS */;
/*!40101 SET CHARACTER_SET_CLIENT=@OLD_CHARACTER_SET_CLIENT */;
/*!40101 SET CHARACTER_SET_RESULTS=@OLD_CHARACTER_SET_RESULTS */;
/*!40101 SET COLLATION_CONNECTION=@OLD_COLLATION_CONNECTION */;
/*!40111 SET SQL_NOTES=@OLD_SQL_NOTES */;

-- Dump completed on 2016-05-20  9:33:04
